{"frameRate":24,"name":"p1","armature":[{"name":"md","bone":[{"transform":{"skX":0,"scY":1,"x":-5.75,"skY":0,"y":-36.5,"scX":1},"name":"图层 1"}],"skin":[{"slot":[{"name":"图层 1","z":0,"display":[{"transform":{"pY":0,"scY":1,"x":-31,"y":-44,"skX":0,"skY":0,"pX":0,"scX":1},"name":"位图 12","type":"image"},{"transform":{"pY":0,"scY":1,"x":-71.5,"y":-48,"skX":0,"skY":0,"pX":0,"scX":1},"name":"位图 13","type":"image"},{"transform":{"pY":0,"scY":1,"x":-79.5,"y":-49.5,"skX":0,"skY":0,"pX":0,"scX":1},"name":"位图 14","type":"image"},{"transform":{"pY":0,"scY":1,"x":-33,"y":-46.5,"skX":0,"skY":0,"pX":0,"scX":1},"name":"位图 15","type":"image"}],"parent":"图层 1"}],"name":"default"}],"animation":[{"autoTween":0,"timeline":[{"name":"图层 1","scale":1,"frame":[{"transform":{"pY":0,"scY":1,"x":-5.75,"y":-36.5,"skX":0,"skY":0,"pX":0,"scX":1},"z":0,"duration":3},{"z":0,"duration":3,"transform":{"pY":0,"scY":1,"x":34.15,"y":-40.65,"skX":0,"skY":0,"pX":0,"scX":1},"displayIndex":1},{"z":0,"duration":3,"transform":{"pY":0,"scY":1,"x":38,"y":-42.4,"skX":0,"skY":0,"pX":0,"scX":1},"displayIndex":2},{"z":0,"duration":3,"transform":{"pY":0,"scY":1,"x":-5.95,"y":-38.85,"skX":0,"skY":0,"pX":0,"scX":1},"displayIndex":3}],"offset":0}],"duration":12,"scale":1,"loop":0,"tweenEasing":null,"name":"a","fadeInTime":0}]},{"name":"mb","bone":[{"transform":{"skX":0,"scY":1,"x":-1.6,"skY":0,"y":-38.6,"scX":1},"name":"图层 1"}],"skin":[{"slot":[{"name":"图层 1","z":0,"display":[{"transform":{"pY":0,"scY":1,"x":-29,"y":-44,"skX":0,"skY":0,"pX":0,"scX":1},"name":"位图 6","type":"image"},{"transform":{"pY":0,"scY":1,"x":-29.5,"y":-44.5,"skX":0,"skY":0,"pX":0,"scX":1},"name":"位图 7","type":"image"}],"parent":"图层 1"}],"name":"default"}],"animation":[{"autoTween":0,"timeline":[{"name":"图层 1","scale":1,"frame":[{"transform":{"pY":0,"scY":1,"x":-1.6,"y":-38.6,"skX":0,"skY":0,"pX":0,"scX":1},"z":0,"duration":7},{"z":0,"duration":8,"transform":{"pY":0,"scY":1,"x":-1.7,"y":-38.6,"skX":0,"skY":0,"pX":0,"scX":1},"displayIndex":1}],"offset":0}],"duration":15,"scale":1,"loop":0,"tweenEasing":null,"name":"a","fadeInTime":0}]},{"name":"ma","bone":[{"transform":{"skX":0,"scY":1,"x":-4.4,"skY":0,"y":-39.95,"scX":1},"name":"图层 1"}],"skin":[{"slot":[{"name":"图层 1","z":0,"display":[{"transform":{"pY":0,"scY":1,"x":-33,"y":-46,"skX":0,"skY":0,"pX":0,"scX":1},"name":"位图 2","type":"image"},{"transform":{"pY":0,"scY":1,"x":-29,"y":-44,"skX":0,"skY":0,"pX":0,"scX":1},"name":"位图 3","type":"image"}],"parent":"图层 1"}],"name":"default"}],"animation":[{"autoTween":0,"timeline":[{"name":"图层 1","scale":1,"frame":[{"transform":{"pY":0,"scY":1,"x":-4.4,"y":-39.95,"skX":0,"skY":0,"pX":0,"scX":1},"z":0,"duration":5},{"z":0,"duration":5,"transform":{"pY":0,"scY":1,"x":-1.6,"y":-38.45,"skX":0,"skY":0,"pX":0,"scX":1},"displayIndex":1}],"offset":0}],"duration":10,"scale":1,"loop":0,"tweenEasing":null,"name":"a","fadeInTime":0}]},{"name":"sb","bone":[{"transform":{"skX":0,"scY":1,"x":0.6,"skY":0,"y":-38.65,"scX":1},"name":"图层 6"}],"skin":[{"slot":[{"name":"图层 6","z":0,"display":[{"transform":{"pY":0,"scY":1,"x":-37,"y":-47,"skX":0,"skY":0,"pX":0,"scX":1},"name":"位图 28","type":"image"},{"transform":{"pY":0,"scY":1,"x":-33,"y":-52,"skX":0,"skY":0,"pX":0,"scX":1},"name":"位图 29","type":"image"},{"transform":{"pY":0,"scY":1,"x":-32,"y":-62.5,"skX":0,"skY":0,"pX":0,"scX":1},"name":"位图 30","type":"image"},{"transform":{"pY":0,"scY":1,"x":-32,"y":-51,"skX":0,"skY":0,"pX":0,"scX":1},"name":"位图 31","type":"image"},{"transform":{"pY":0,"scY":1,"x":-31.5,"y":-48.5,"skX":0,"skY":0,"pX":0,"scX":1},"name":"位图 32","type":"image"},{"transform":{"pY":0,"scY":1,"x":-7,"y":-7,"skX":0,"skY":0,"pX":0,"scX":1},"name":"位图 27","type":"image"}],"parent":"图层 6"}],"name":"default"}],"animation":[{"autoTween":0,"timeline":[{"name":"图层 6","scale":1,"frame":[{"transform":{"pY":0,"scY":1,"x":0.6,"y":-38.65,"skX":0,"skY":0,"pX":0,"scX":1},"z":0,"duration":2},{"z":0,"duration":2,"transform":{"pY":0,"scY":1,"x":-0.15,"y":-42.05,"skX":0,"skY":0,"pX":0,"scX":1},"displayIndex":1},{"z":0,"duration":2,"transform":{"pY":0,"scY":1,"x":2.05,"y":-54.2,"skX":0,"skY":0,"pX":0,"scX":1},"displayIndex":2},{"z":0,"duration":2,"transform":{"pY":0,"scY":1,"x":0.85,"y":-65.05,"skX":0,"skY":0,"pX":0,"scX":1},"displayIndex":3},{"z":0,"duration":2,"transform":{"pY":0,"scY":1,"x":1.55,"y":-68.2,"skX":0,"skY":0,"pX":0,"scX":1},"displayIndex":4},{"z":0,"duration":2,"transform":{"pY":0,"scY":1,"x":-22.35,"y":-72.55,"skX":0,"skY":0,"pX":0,"scX":1},"displayIndex":5}],"offset":0}],"duration":12,"scale":1,"loop":0,"tweenEasing":null,"name":"a","fadeInTime":0}]},{"name":"mc","bone":[{"transform":{"skX":0,"scY":1,"x":-3.3,"skY":0,"y":-36.35,"scX":1},"name":"图层 1"}],"skin":[{"slot":[{"name":"图层 1","z":0,"display":[{"transform":{"pY":0,"scY":1,"x":-28.5,"y":-44,"skX":0,"skY":0,"pX":0,"scX":1},"name":"位图 8","type":"image"},{"transform":{"pY":0,"scY":1,"x":-49.5,"y":-43.5,"skX":0,"skY":0,"pX":0,"scX":1},"name":"位图 9","type":"image"},{"transform":{"pY":0,"scY":1,"x":-52,"y":-42.5,"skX":0,"skY":0,"pX":0,"scX":1},"name":"位图 10","type":"image"},{"transform":{"pY":0,"scY":1,"x":-42.5,"y":-41.5,"skX":0,"skY":0,"pX":0,"scX":1},"name":"位图 11","type":"image"}],"parent":"图层 1"}],"name":"default"}],"animation":[{"autoTween":0,"timeline":[{"name":"图层 1","scale":1,"frame":[{"transform":{"pY":0,"scY":1,"x":-3.3,"y":-36.35,"skX":0,"skY":0,"pX":0,"scX":1},"z":0,"duration":7},{"z":0,"duration":2,"transform":{"pY":0,"scY":1,"x":20.75,"y":-35.95,"skX":0,"skY":0,"pX":0,"scX":1},"displayIndex":1},{"z":0,"duration":2,"transform":{"pY":0,"scY":1,"x":23.7,"y":-34.85,"skX":0,"skY":0,"pX":0,"scX":1},"displayIndex":2},{"z":0,"duration":4,"transform":{"pY":0,"scY":1,"x":14.2,"y":-34.3,"skX":0,"skY":0,"pX":0,"scX":1},"displayIndex":3}],"offset":0}],"duration":15,"scale":1,"loop":0,"tweenEasing":null,"name":"a","fadeInTime":0}]},{"name":"sa","bone":[{"transform":{"skX":0,"scY":1,"x":-10.85,"skY":0,"y":-56.05,"scX":1},"name":"图层 1"}],"skin":[{"slot":[{"name":"图层 1","z":0,"display":[{"transform":{"pY":0,"scY":1,"x":-8,"y":-6,"skX":0,"skY":0,"pX":0,"scX":1},"name":"位图 16","type":"image"},{"transform":{"pY":0,"scY":1,"x":-21,"y":-21.5,"skX":0,"skY":0,"pX":0,"scX":1},"name":"位图 17","type":"image"},{"transform":{"pY":0,"scY":1,"x":-27,"y":-23.5,"skX":0,"skY":0,"pX":0,"scX":1},"name":"位图 18","type":"image"},{"transform":{"pY":0,"scY":1,"x":-40,"y":-40.5,"skX":0,"skY":0,"pX":0,"scX":1},"name":"位图 19","type":"image"},{"transform":{"pY":0,"scY":1,"x":-37,"y":-32,"skX":0,"skY":0,"pX":0,"scX":1},"name":"位图 20","type":"image"},{"transform":{"pY":0,"scY":1,"x":-37,"y":-33.5,"skX":0,"skY":0,"pX":0,"scX":1},"name":"位图 21","type":"image"}],"parent":"图层 1"}],"name":"default"}],"animation":[{"autoTween":0,"timeline":[{"name":"图层 1","scale":1,"frame":[{"transform":{"pY":0,"scY":1,"x":-10.85,"y":-56.05,"skX":0,"skY":0,"pX":0,"scX":1},"z":0,"duration":2},{"z":0,"duration":2,"transform":{"pY":0,"scY":1,"x":-17.75,"y":-63.05,"skX":0,"skY":0,"pX":0,"scX":1},"displayIndex":1},{"z":0,"duration":2,"transform":{"pY":0,"scY":1,"x":-14.55,"y":-58.25,"skX":0,"skY":0,"pX":0,"scX":1},"displayIndex":2},{"z":0,"duration":2,"transform":{"pY":0,"scY":1,"x":-0.75,"y":-42.85,"skX":0,"skY":0,"pX":0,"scX":1},"displayIndex":3},{"z":0,"duration":2,"transform":{"pY":0,"scY":1,"x":5.45,"y":-43.35,"skX":0,"skY":0,"pX":0,"scX":1},"displayIndex":4},{"z":0,"duration":2,"transform":{"pY":0,"scY":1,"x":7.05,"y":-43.45,"skX":0,"skY":0,"pX":0,"scX":1},"displayIndex":5}],"offset":0}],"duration":12,"scale":1,"loop":0,"tweenEasing":null,"name":"a","fadeInTime":0}]},{"name":"sc","bone":[{"transform":{"skX":0,"scY":1,"x":0.7,"skY":0,"y":-58.75,"scX":1},"name":"图层 1"}],"skin":[{"slot":[{"name":"图层 1","z":0,"display":[{"transform":{"pY":0,"scY":1,"x":-23,"y":-24,"skX":0,"skY":0,"pX":0,"scX":1},"name":"位图 33","type":"image"},{"transform":{"pY":0,"scY":1,"x":-28.5,"y":-34,"skX":0,"skY":0,"pX":0,"scX":1},"name":"位图 34","type":"image"},{"transform":{"pY":0,"scY":1,"x":-27,"y":-30,"skX":0,"skY":0,"pX":0,"scX":1},"name":"位图 35","type":"image"},{"transform":{"pY":0,"scY":1,"x":-46.5,"y":-44.5,"skX":0,"skY":0,"pX":0,"scX":1},"name":"位图 36","type":"image"},{"transform":{"pY":0,"scY":1,"x":-46.5,"y":-44.5,"skX":0,"skY":0,"pX":0,"scX":1},"name":"位图 37","type":"image"}],"parent":"图层 1"}],"name":"default"}],"animation":[{"autoTween":0,"timeline":[{"name":"图层 1","scale":1,"frame":[{"transform":{"pY":0,"scY":1,"x":0.7,"y":-58.75,"skX":0,"skY":0,"pX":0,"scX":1},"z":0,"duration":1},{"z":0,"duration":1,"transform":{"pY":0,"scY":1,"x":1.3,"y":-45.25,"skX":0,"skY":0,"pX":0,"scX":1},"displayIndex":1},{"z":0,"duration":1,"transform":{"pY":0,"scY":1,"x":-0.2,"y":-44.35,"skX":0,"skY":0,"pX":0,"scX":1},"displayIndex":2},{"z":0,"duration":1,"transform":{"pY":0,"scY":1,"x":-3,"y":-46.55,"skX":0,"skY":0,"pX":0,"scX":1},"displayIndex":3},{"z":0,"duration":1,"transform":{"pY":0,"scY":1,"x":-3,"y":-46.55,"skX":0,"skY":0,"pX":0,"scX":1},"displayIndex":4}],"offset":0}],"duration":5,"scale":1,"loop":0,"tweenEasing":null,"name":"a","fadeInTime":0}]},{"name":"sd","bone":[{"transform":{"skX":0,"scY":1,"x":1.25,"skY":0,"y":-188.4,"scX":1},"name":"图层 2"}],"skin":[{"slot":[{"name":"图层 2","z":0,"display":[{"transform":{"pY":0,"scY":1,"x":-9,"y":-9,"skX":0,"skY":0,"pX":0,"scX":1},"name":"位图 38","type":"image"},{"transform":{"pY":0,"scY":1,"x":-26,"y":-25,"skX":0,"skY":0,"pX":0,"scX":1},"name":"位图 39","type":"image"},{"transform":{"pY":0,"scY":1,"x":-19.5,"y":-19.5,"skX":0,"skY":0,"pX":0,"scX":1},"name":"位图 40","type":"image"},{"transform":{"pY":0,"scY":1,"x":-26,"y":-112,"skX":0,"skY":0,"pX":0,"scX":1},"name":"位图 41","type":"image"},{"transform":{"pY":0,"scY":1,"x":-37,"y":-112.5,"skX":0,"skY":0,"pX":0,"scX":1},"name":"位图 42","type":"image"},{"transform":{"pY":0,"scY":1,"x":-39,"y":-103.5,"skX":0,"skY":0,"pX":0,"scX":1},"name":"位图 43","type":"image"},{"transform":{"pY":0,"scY":1,"x":-41.5,"y":-92,"skX":0,"skY":0,"pX":0,"scX":1},"name":"位图 44","type":"image"}],"parent":"图层 2"}],"name":"default"}],"animation":[{"autoTween":0,"timeline":[{"name":"图层 2","scale":1,"frame":[{"transform":{"pY":0,"scY":1,"x":1.25,"y":-188.4,"skX":0,"skY":0,"pX":0,"scX":1},"z":0,"duration":2},{"z":0,"duration":3,"transform":{"pY":0,"scY":1,"x":1.6,"y":-188.7,"skX":0,"skY":0,"pX":0,"scX":1},"displayIndex":1},{"z":0,"duration":3,"transform":{"pY":0,"scY":1,"x":1.25,"y":-188.15,"skX":0,"skY":0,"pX":0,"scX":1},"displayIndex":2},{"z":0,"duration":2,"transform":{"pY":0,"scY":1,"x":2.15,"y":-90.1,"skX":0,"skY":0,"pX":0,"scX":1},"displayIndex":3},{"z":0,"duration":2,"transform":{"pY":0,"scY":1,"x":-0.15,"y":-81.2,"skX":0,"skY":0,"pX":0,"scX":1},"displayIndex":4},{"z":0,"duration":2,"transform":{"pY":0,"scY":1,"x":1.15,"y":-86.7,"skX":0,"skY":0,"pX":0,"scX":1},"displayIndex":5},{"z":0,"duration":2,"transform":{"pY":0,"scY":1,"x":1.55,"y":-75.8,"skX":0,"skY":0,"pX":0,"scX":1},"displayIndex":6}],"offset":0}],"duration":16,"scale":1,"loop":0,"tweenEasing":null,"name":"a","fadeInTime":0}]}],"version":2.3}