{"name":"p1","SubTexture":[{"name":"位图 12","x":148,"width":62,"y":383,"height":88},{"name":"位图 13","x":295,"width":143,"y":101,"height":96},{"name":"位图 14","x":295,"width":159,"y":0,"height":99},{"name":"位图 15","x":334,"width":66,"y":381,"height":93},{"name":"位图 6","x":212,"width":58,"y":460,"height":88},{"name":"位图 7","x":65,"width":59,"y":388,"height":89},{"name":"位图 2","x":402,"width":66,"y":381,"height":92},{"name":"位图 3","x":0,"width":58,"y":430,"height":88},{"name":"位图 28","x":76,"width":74,"y":209,"height":94},{"name":"位图 29","x":210,"width":66,"y":186,"height":104},{"name":"位图 30","x":440,"width":64,"y":163,"height":125},{"name":"位图 31","x":0,"width":64,"y":227,"height":102},{"name":"位图 32","x":0,"width":63,"y":331,"height":97},{"name":"位图 27","x":440,"width":14,"y":101,"height":14},{"name":"位图 8","x":272,"width":57,"y":460,"height":88},{"name":"位图 9","x":278,"width":99,"y":286,"height":87},{"name":"位图 10","x":278,"width":104,"y":199,"height":85},{"name":"位图 11","x":247,"width":85,"y":375,"height":83},{"name":"位图 16","x":172,"width":16,"y":271,"height":12},{"name":"位图 17","x":152,"width":42,"y":226,"height":43},{"name":"位图 18","x":456,"width":54,"y":114,"height":47},{"name":"位图 19","x":66,"width":80,"y":305,"height":81},{"name":"位图 20","x":402,"width":74,"y":475,"height":64},{"name":"位图 21","x":126,"width":74,"y":473,"height":67},{"name":"位图 33","x":384,"width":46,"y":199,"height":48},{"name":"位图 34","x":331,"width":57,"y":476,"height":68},{"name":"位图 35","x":456,"width":54,"y":0,"height":60},{"name":"位图 36","x":379,"width":93,"y":290,"height":89},{"name":"位图 37","x":152,"width":93,"y":292,"height":89},{"name":"位图 38","x":152,"width":18,"y":271,"height":18},{"name":"位图 39","x":456,"width":52,"y":62,"height":50},{"name":"位图 40","x":384,"width":39,"y":249,"height":39},{"name":"位图 41","x":156,"width":52,"y":0,"height":224},{"name":"位图 42","x":0,"width":74,"y":0,"height":225},{"name":"位图 43","x":76,"width":78,"y":0,"height":207},{"name":"位图 44","x":210,"width":83,"y":0,"height":184}],"imagePath":"texture.png"}