{"frameRate":24,"name":"p2","armature":[{"name":"md","bone":[{"transform":{"skX":0,"scY":1,"x":1.2,"skY":0,"y":-31.45,"scX":1},"name":"图层 1"}],"skin":[{"slot":[{"name":"图层 1","z":0,"display":[{"transform":{"pY":0,"scY":1,"x":-59.5,"y":-38.5,"skX":0,"skY":0,"pX":0,"scX":1},"name":"位图 46","type":"image"},{"transform":{"pY":0,"scY":1,"x":-64.5,"y":-47.5,"skX":0,"skY":0,"pX":0,"scX":1},"name":"位图 47","type":"image"},{"transform":{"pY":0,"scY":1,"x":-63,"y":-50.5,"skX":0,"skY":0,"pX":0,"scX":1},"name":"位图 48","type":"image"},{"transform":{"pY":0,"scY":1,"x":-47,"y":-35.5,"skX":0,"skY":0,"pX":0,"scX":1},"name":"位图 49","type":"image"}],"parent":"图层 1"}],"name":"default"}],"animation":[{"autoTween":0,"timeline":[{"name":"图层 1","scale":1,"frame":[{"transform":{"pY":0,"scY":1,"x":1.2,"y":-31.45,"skX":0,"skY":0,"pX":0,"scX":1},"z":0,"duration":3},{"z":0,"duration":3,"transform":{"pY":0,"scY":1,"x":4.3,"y":-41.1,"skX":0,"skY":0,"pX":0,"scX":1},"displayIndex":1},{"z":0,"duration":3,"transform":{"pY":0,"scY":1,"x":4.2,"y":-45.35,"skX":0,"skY":0,"pX":0,"scX":1},"displayIndex":2},{"z":0,"duration":3,"transform":{"pY":0,"scY":1,"x":1.45,"y":-31.85,"skX":0,"skY":0,"pX":0,"scX":1},"displayIndex":3}],"offset":0}],"duration":12,"scale":1,"loop":0,"tweenEasing":null,"name":"a","fadeInTime":0}]},{"name":"sc","bone":[{"transform":{"skX":0,"scY":1,"x":3.65,"skY":0,"y":-40.1,"scX":1},"name":"图层 4"}],"skin":[{"slot":[{"name":"图层 4","z":0,"display":[{"transform":{"pY":0,"scY":1,"x":-48,"y":-43,"skX":0,"skY":0,"pX":0,"scX":1},"name":"位图 65","type":"image"},{"transform":{"pY":0,"scY":1,"x":-60,"y":-53.5,"skX":0,"skY":0,"pX":0,"scX":1},"name":"位图 66","type":"image"},{"transform":{"pY":0,"scY":1,"x":-67.5,"y":-60,"skX":0,"skY":0,"pX":0,"scX":1},"name":"位图 67","type":"image"},{"transform":{"pY":0,"scY":1,"x":-69,"y":-61.5,"skX":0,"skY":0,"pX":0,"scX":1},"name":"位图 68","type":"image"}],"parent":"图层 4"}],"name":"default"}],"animation":[{"autoTween":0,"timeline":[{"name":"图层 4","scale":1,"frame":[{"transform":{"pY":0,"scY":1,"x":3.65,"y":-40.1,"skX":0,"skY":0,"pX":0,"scX":1},"z":0,"duration":3},{"z":0,"duration":3,"transform":{"pY":0,"scY":1,"x":4.35,"y":-50.6,"skX":0,"skY":0,"pX":0,"scX":1},"displayIndex":1},{"z":0,"duration":3,"transform":{"pY":0,"scY":1,"x":5.1,"y":-56.75,"skX":0,"skY":0,"pX":0,"scX":1},"displayIndex":2},{"z":0,"duration":3,"transform":{"pY":0,"scY":1,"x":5,"y":-58.05,"skX":0,"skY":0,"pX":0,"scX":1},"displayIndex":3}],"offset":0}],"duration":12,"scale":1,"loop":0,"tweenEasing":null,"name":"a","fadeInTime":0}]},{"name":"mc","bone":[{"transform":{"skX":0,"scY":1,"x":5.7,"skY":0,"y":-33.5,"scX":1},"name":"图层 2"}],"skin":[{"slot":[{"name":"图层 2","z":0,"display":[{"transform":{"pY":0,"scY":1,"x":-56.5,"y":-40.5,"skX":0,"skY":0,"pX":0,"scX":1},"name":"位图 26","type":"image"},{"transform":{"pY":0,"scY":1,"x":-63,"y":-38.5,"skX":0,"skY":0,"pX":0,"scX":1},"name":"位图 45","type":"image"}],"parent":"图层 2"}],"name":"default"}],"animation":[{"autoTween":0,"timeline":[{"name":"图层 2","scale":1,"frame":[{"transform":{"pY":0,"scY":1,"x":5.7,"y":-33.5,"skX":0,"skY":0,"pX":0,"scX":1},"z":0,"duration":5},{"z":0,"duration":5,"transform":{"pY":0,"scY":1,"x":4.6,"y":-31.35,"skX":0,"skY":0,"pX":0,"scX":1},"displayIndex":1}],"offset":0}],"duration":10,"scale":1,"loop":0,"tweenEasing":null,"name":"a","fadeInTime":0}]},{"name":"mb","bone":[{"transform":{"skX":0,"scY":1,"x":-1.85,"skY":0,"y":-39.3,"scX":1},"name":"图层 1"}],"skin":[{"slot":[{"name":"图层 1","z":0,"display":[{"transform":{"pY":0,"scY":1,"x":-43.5,"y":-44.5,"skX":0,"skY":0,"pX":0,"scX":1},"name":"位图 24","type":"image"},{"transform":{"pY":0,"scY":1,"x":-45,"y":-44.5,"skX":0,"skY":0,"pX":0,"scX":1},"name":"位图 25","type":"image"}],"parent":"图层 1"}],"name":"default"}],"animation":[{"autoTween":0,"timeline":[{"name":"图层 1","scale":1,"frame":[{"transform":{"pY":0,"scY":1,"x":-1.85,"y":-39.3,"skX":0,"skY":0,"pX":0,"scX":1},"z":0,"duration":7},{"z":0,"duration":8,"transform":{"pY":0,"scY":1,"x":-1.1,"y":-39.1,"skX":0,"skY":0,"pX":0,"scX":1},"displayIndex":1}],"offset":0}],"duration":15,"scale":1,"loop":0,"tweenEasing":null,"name":"a","fadeInTime":0}]},{"name":"ma","bone":[{"transform":{"skX":0,"scY":1,"x":-4.2,"skY":0,"y":-34.6,"scX":1},"name":"图层 1"}],"skin":[{"slot":[{"name":"图层 1","z":0,"display":[{"transform":{"pY":0,"scY":1,"x":-58,"y":-39.5,"skX":0,"skY":0,"pX":0,"scX":1},"name":312,"type":"image"},{"transform":{"pY":0,"scY":1,"x":-61,"y":-41,"skX":0,"skY":0,"pX":0,"scX":1},"name":"位图 23","type":"image"}],"parent":"图层 1"}],"name":"default"}],"animation":[{"autoTween":0,"timeline":[{"name":"图层 1","scale":1,"frame":[{"transform":{"pY":0,"scY":1,"x":-4.2,"y":-34.6,"skX":0,"skY":0,"pX":0,"scX":1},"z":0,"duration":5},{"z":0,"duration":5,"transform":{"pY":0,"scY":1,"x":-8.8,"y":-35.8,"skX":0,"skY":0,"pX":0,"scX":1},"displayIndex":1}],"offset":0}],"duration":10,"scale":1,"loop":0,"tweenEasing":null,"name":"a","fadeInTime":0}]},{"name":"sd","bone":[{"transform":{"skX":0,"scY":1,"x":-10.3,"skY":0,"y":-30.15,"scX":1},"name":"图层 1"}],"skin":[{"slot":[{"name":"图层 1","z":0,"display":[{"transform":{"pY":0,"scY":1,"x":-48.5,"y":-37,"skX":0,"skY":0,"pX":0,"scX":1},"name":"位图 69","type":"image"},{"transform":{"pY":0,"scY":1,"x":-48.5,"y":-37,"skX":0,"skY":0,"pX":0,"scX":1},"name":"位图 70","type":"image"},{"transform":{"pY":0,"scY":1,"x":-58,"y":-41.5,"skX":0,"skY":0,"pX":0,"scX":1},"name":"位图 71","type":"image"},{"transform":{"pY":0,"scY":1,"x":-46,"y":-63.5,"skX":0,"skY":0,"pX":0,"scX":1},"name":"位图 72","type":"image"},{"transform":{"pY":0,"scY":1,"x":-39,"y":-72,"skX":0,"skY":0,"pX":0,"scX":1},"name":"位图 73","type":"image"},{"transform":{"pY":0,"scY":1,"x":-38.5,"y":-72.5,"skX":0,"skY":0,"pX":0,"scX":1},"name":"位图 74","type":"image"}],"parent":"图层 1"}],"name":"default"}],"animation":[{"autoTween":0,"timeline":[{"name":"图层 1","scale":1,"frame":[{"transform":{"pY":0,"scY":1,"x":-10.3,"y":-30.15,"skX":0,"skY":0,"pX":0,"scX":1},"z":0,"duration":3},{"z":0,"duration":2,"transform":{"pY":0,"scY":1,"x":-10.3,"y":-30.15,"skX":0,"skY":0,"pX":0,"scX":1},"displayIndex":1},{"z":0,"duration":3,"transform":{"pY":0,"scY":1,"x":-16.35,"y":-39.3,"skX":0,"skY":0,"pX":0,"scX":1},"displayIndex":2},{"z":0,"duration":3,"transform":{"pY":0,"scY":1,"x":-6.2,"y":-63.95,"skX":0,"skY":0,"pX":0,"scX":1},"displayIndex":3},{"z":0,"duration":2,"transform":{"pY":0,"scY":1,"x":1.8,"y":-77.55,"skX":0,"skY":0,"pX":0,"scX":1},"displayIndex":4},{"z":0,"duration":2,"transform":{"pY":0,"scY":1,"x":0.8,"y":-89.45,"skX":0,"skY":0,"pX":0,"scX":1},"displayIndex":5}],"offset":0}],"duration":15,"scale":1,"loop":0,"tweenEasing":null,"name":"a","fadeInTime":0}]},{"name":"sb","bone":[{"transform":{"skX":0,"scY":1,"x":-6.7,"skY":0,"y":-24.05,"scX":1},"name":"图层 2"}],"skin":[{"slot":[{"name":"图层 2","z":0,"display":[{"transform":{"pY":0,"scY":1,"x":-49,"y":-25,"skX":0,"skY":0,"pX":0,"scX":1},"name":"位图 60","type":"image"},{"transform":{"pY":0,"scY":1,"x":-31,"y":-41,"skX":0,"skY":0,"pX":0,"scX":1},"name":"位图 61","type":"image"},{"transform":{"pY":0,"scY":1,"x":-33.5,"y":-46,"skX":0,"skY":0,"pX":0,"scX":1},"name":"位图 62","type":"image"},{"transform":{"pY":0,"scY":1,"x":-31.5,"y":-42,"skX":0,"skY":0,"pX":0,"scX":1},"name":"位图 63","type":"image"},{"transform":{"pY":0,"scY":1,"x":-30.5,"y":-43,"skX":0,"skY":0,"pX":0,"scX":1},"name":"位图 64","type":"image"}],"parent":"图层 2"}],"name":"default"}],"animation":[{"autoTween":0,"timeline":[{"name":"图层 2","scale":1,"frame":[{"transform":{"pY":0,"scY":1,"x":-6.7,"y":-24.05,"skX":0,"skY":0,"pX":0,"scX":1},"z":0,"duration":2},{"z":0,"duration":2,"transform":{"pY":0,"scY":1,"x":11.2,"y":-38.45,"skX":0,"skY":0,"pX":0,"scX":1},"displayIndex":1},{"z":0,"duration":2,"transform":{"pY":0,"scY":1,"x":15.3,"y":-43.05,"skX":0,"skY":0,"pX":0,"scX":1},"displayIndex":2},{"z":0,"duration":2,"transform":{"pY":0,"scY":1,"x":14.1,"y":-43.05,"skX":0,"skY":0,"pX":0,"scX":1},"displayIndex":3},{"z":0,"duration":2,"transform":{"pY":0,"scY":1,"x":17.1,"y":-48.45,"skX":0,"skY":0,"pX":0,"scX":1},"displayIndex":4}],"offset":0}],"duration":10,"scale":1,"loop":0,"tweenEasing":null,"name":"a","fadeInTime":0}]},{"name":"sa","bone":[{"transform":{"skX":0,"scY":1,"x":-8,"skY":0,"y":-49.05,"scX":1},"name":"图层 1"}],"skin":[{"slot":[{"name":"图层 1","z":0,"display":[{"transform":{"pY":0,"scY":1,"x":-36,"y":-28,"skX":0,"skY":0,"pX":0,"scX":1},"name":"位图 50","type":"image"},{"transform":{"pY":0,"scY":1,"x":-46.5,"y":-36,"skX":0,"skY":0,"pX":0,"scX":1},"name":"位图 51","type":"image"},{"transform":{"pY":0,"scY":1,"x":-46.5,"y":-36,"skX":0,"skY":0,"pX":0,"scX":1},"name":"位图 52","type":"image"},{"transform":{"pY":0,"scY":1,"x":-46.5,"y":-36,"skX":0,"skY":0,"pX":0,"scX":1},"name":"位图 53","type":"image"},{"transform":{"pY":0,"scY":1,"x":-36,"y":-28,"skX":0,"skY":0,"pX":0,"scX":1},"name":"位图 54","type":"image"}],"parent":"图层 1"}],"name":"default"}],"animation":[{"autoTween":0,"timeline":[{"name":"图层 1","scale":1,"frame":[{"transform":{"pY":0,"scY":1,"x":-8,"y":-49.05,"skX":0,"skY":0,"pX":0,"scX":1},"z":0,"duration":2},{"z":0,"duration":2,"transform":{"pY":0,"scY":1,"x":2.5,"y":-41.05,"skX":0,"skY":0,"pX":0,"scX":1},"displayIndex":1},{"z":0,"duration":2,"transform":{"pY":0,"scY":1,"x":2.5,"y":-41.05,"skX":0,"skY":0,"pX":0,"scX":1},"displayIndex":2},{"z":0,"duration":2,"transform":{"pY":0,"scY":1,"x":2.5,"y":-41.05,"skX":0,"skY":0,"pX":0,"scX":1},"displayIndex":3},{"z":0,"duration":2,"transform":{"pY":0,"scY":1,"x":-8,"y":-49.05,"skX":0,"skY":0,"pX":0,"scX":1},"displayIndex":4}],"offset":0}],"duration":10,"scale":1,"loop":0,"tweenEasing":null,"name":"a","fadeInTime":0}]}],"version":2.3}