{"name":"p2","SubTexture":[{"name":"位图 46","x":69,"width":119,"y":298,"height":77},{"name":"位图 47","x":140,"width":129,"y":122,"height":95},{"name":"位图 48","x":277,"width":126,"y":0,"height":101},{"name":"位图 49","x":251,"width":94,"y":472,"height":71},{"name":"位图 65","x":64,"width":96,"y":377,"height":86},{"name":"位图 66","x":277,"width":120,"y":103,"height":107},{"name":"位图 67","x":140,"width":135,"y":0,"height":120},{"name":"位图 68","x":0,"width":138,"y":0,"height":123},{"name":"位图 26","x":395,"width":113,"y":275,"height":81},{"name":"位图 45","x":79,"width":126,"y":219,"height":77},{"name":"位图 24","x":162,"width":87,"y":393,"height":89},{"name":"位图 25","x":255,"width":90,"y":381,"height":89},{"name":312,"x":388,"width":116,"y":358,"height":79},{"name":"位图 23","x":271,"width":122,"y":212,"height":82},{"name":"位图 69","x":347,"width":97,"y":439,"height":74},{"name":"位图 70","x":0,"width":97,"y":465,"height":74},{"name":"位图 71","x":270,"width":116,"y":296,"height":83},{"name":"位图 72","x":399,"width":92,"y":146,"height":127},{"name":"位图 73","x":405,"width":78,"y":0,"height":144},{"name":"位图 74","x":0,"width":77,"y":125,"height":145},{"name":"位图 60","x":194,"width":98,"y":545,"height":50},{"name":"位图 61","x":0,"width":62,"y":366,"height":82},{"name":"位图 62","x":0,"width":67,"y":272,"height":92},{"name":"位图 63","x":190,"width":63,"y":307,"height":84},{"name":"位图 64","x":207,"width":61,"y":219,"height":86},{"name":"位图 50","x":95,"width":72,"y":558,"height":56},{"name":"位图 51","x":347,"width":93,"y":515,"height":72},{"name":"位图 52","x":99,"width":93,"y":484,"height":72},{"name":"位图 53","x":0,"width":93,"y":541,"height":72},{"name":"位图 54","x":294,"width":72,"y":589,"height":56}],"imagePath":"texture.png"}