{"frameRate":24,"name":"p3","armature":[{"name":"sc","bone":[{"transform":{"skX":0,"scY":1,"x":22.45,"skY":0,"y":-34.5,"scX":1},"name":"图层 5"}],"skin":[{"slot":[{"name":"图层 5","z":0,"display":[{"transform":{"pY":0,"scY":1,"x":-11.5,"y":-15.5,"skX":0,"skY":0,"pX":0,"scX":1},"name":"位图 91","type":"image"},{"transform":{"pY":0,"scY":1,"x":-33,"y":-46,"skX":0,"skY":0,"pX":0,"scX":1},"name":"位图 92","type":"image"},{"transform":{"pY":0,"scY":1,"x":-29.5,"y":-41.5,"skX":0,"skY":0,"pX":0,"scX":1},"name":"位图 93","type":"image"},{"transform":{"pY":0,"scY":1,"x":-32,"y":-44,"skX":0,"skY":0,"pX":0,"scX":1},"name":"位图 94","type":"image"},{"transform":{"pY":0,"scY":1,"x":-34,"y":-47.5,"skX":0,"skY":0,"pX":0,"scX":1},"name":"位图 95","type":"image"},{"transform":{"pY":0,"scY":1,"x":-36.5,"y":-50.5,"skX":0,"skY":0,"pX":0,"scX":1},"name":"位图 96","type":"image"}],"parent":"图层 5"}],"name":"default"}],"animation":[{"autoTween":0,"timeline":[{"name":"图层 5","scale":1,"frame":[{"transform":{"pY":0,"scY":1,"x":22.45,"y":-34.5,"skX":0,"skY":0,"pX":0,"scX":1},"z":0,"duration":3},{"z":0,"duration":2,"transform":{"pY":0,"scY":1,"x":27.5,"y":-40.25,"skX":0,"skY":0,"pX":0,"scX":1},"displayIndex":1},{"z":0,"duration":2,"transform":{"pY":0,"scY":1,"x":23.25,"y":-40,"skX":0,"skY":0,"pX":0,"scX":1},"displayIndex":2},{"z":0,"duration":2,"transform":{"pY":0,"scY":1,"x":23.6,"y":-40.95,"skX":0,"skY":0,"pX":0,"scX":1},"displayIndex":3},{"z":0,"duration":2,"transform":{"pY":0,"scY":1,"x":23.45,"y":-40.85,"skX":0,"skY":0,"pX":0,"scX":1},"displayIndex":4},{"z":0,"duration":2,"transform":{"pY":0,"scY":1,"x":23.8,"y":-41.3,"skX":0,"skY":0,"pX":0,"scX":1},"displayIndex":5}],"offset":0}],"duration":13,"scale":1,"loop":0,"tweenEasing":null,"name":"a","fadeInTime":0}]},{"name":"ma","bone":[{"transform":{"skX":0,"scY":1,"x":7.95,"skY":0,"y":-39.6,"scX":1},"name":"图层 1"}],"skin":[{"slot":[{"name":"图层 1","z":0,"display":[{"transform":{"pY":0,"scY":1,"x":-56,"y":-50.5,"skX":0,"skY":0,"pX":0,"scX":1},"name":"位图 75","type":"image"},{"transform":{"pY":0,"scY":1,"x":-46.5,"y":-42.5,"skX":0,"skY":0,"pX":0,"scX":1},"name":"位图 76","type":"image"}],"parent":"图层 1"}],"name":"default"}],"animation":[{"autoTween":0,"timeline":[{"name":"图层 1","scale":1,"frame":[{"transform":{"pY":0,"scY":1,"x":7.95,"y":-39.6,"skX":0,"skY":0,"pX":0,"scX":1},"z":0,"duration":5},{"z":0,"duration":5,"transform":{"pY":0,"scY":1,"x":1.3,"y":-33.8,"skX":0,"skY":0,"pX":0,"scX":1},"displayIndex":1}],"offset":0}],"duration":10,"scale":1,"loop":0,"tweenEasing":null,"name":"a","fadeInTime":0}]},{"name":"mb","bone":[{"transform":{"skX":0,"scY":1,"x":-2.2,"skY":0,"y":-34.55,"scX":1},"name":"图层 1"}],"skin":[{"slot":[{"name":"图层 1","z":0,"display":[{"transform":{"pY":0,"scY":1,"x":-52.5,"y":-46.5,"skX":0,"skY":0,"pX":0,"scX":1},"name":"位图 77","type":"image"},{"transform":{"pY":0,"scY":1,"x":-53.5,"y":-47.5,"skX":0,"skY":0,"pX":0,"scX":1},"name":"位图 1","type":"image"}],"parent":"图层 1"}],"name":"default"}],"animation":[{"autoTween":0,"timeline":[{"name":"图层 1","scale":1,"frame":[{"transform":{"pY":0,"scY":1,"x":-2.2,"y":-34.55,"skX":0,"skY":0,"pX":0,"scX":1},"z":0,"duration":7},{"z":0,"duration":8,"transform":{"pY":0,"scY":1,"x":-3.2,"y":-35.6,"skX":0,"skY":0,"pX":0,"scX":1},"displayIndex":1}],"offset":0}],"duration":15,"scale":1,"loop":0,"tweenEasing":null,"name":"a","fadeInTime":0}]},{"name":"mc","bone":[{"transform":{"skX":0,"scY":1,"x":5.95,"skY":0,"y":-34.9,"scX":1},"name":"图层 2"}],"skin":[{"slot":[{"name":"图层 2","z":0,"display":[{"transform":{"pY":0,"scY":1,"x":-54.5,"y":-47,"skX":0,"skY":0,"pX":0,"scX":1},"name":"位图 79","type":"image"},{"transform":{"pY":0,"scY":1,"x":-55,"y":-57,"skX":0,"skY":0,"pX":0,"scX":1},"name":"位图 80","type":"image"},{"transform":{"pY":0,"scY":1,"x":-63,"y":-55,"skX":0,"skY":0,"pX":0,"scX":1},"name":"位图 81","type":"image"},{"transform":{"pY":0,"scY":1,"x":-73.5,"y":-45,"skX":0,"skY":0,"pX":0,"scX":1},"name":"位图 82","type":"image"}],"parent":"图层 2"}],"name":"default"}],"animation":[{"autoTween":0,"timeline":[{"name":"图层 2","scale":1,"frame":[{"transform":{"pY":0,"scY":1,"x":5.95,"y":-34.9,"skX":0,"skY":0,"pX":0,"scX":1},"z":0,"duration":3},{"z":0,"duration":3,"transform":{"pY":0,"scY":1,"x":5.45,"y":-44.65,"skX":0,"skY":0,"pX":0,"scX":1},"displayIndex":1},{"z":0,"duration":3,"transform":{"pY":0,"scY":1,"x":14.45,"y":-43.55,"skX":0,"skY":0,"pX":0,"scX":1},"displayIndex":2},{"z":0,"duration":3,"transform":{"pY":0,"scY":1,"x":24.95,"y":-33.6,"skX":0,"skY":0,"pX":0,"scX":1},"displayIndex":3}],"offset":0}],"duration":12,"scale":1,"loop":0,"tweenEasing":null,"name":"a","fadeInTime":0}]},{"name":"md","bone":[{"transform":{"skX":0,"scY":1,"x":29.95,"skY":0,"y":-51.65,"scX":1},"name":"图层 2"}],"skin":[{"slot":[{"name":"图层 2","z":0,"display":[{"transform":{"pY":0,"scY":1,"x":-78.5,"y":-61,"skX":0,"skY":0,"pX":0,"scX":1},"name":"位图 83","type":"image"},{"transform":{"pY":0,"scY":1,"x":-100.5,"y":-53,"skX":0,"skY":0,"pX":0,"scX":1},"name":"位图 84","type":"image"},{"transform":{"pY":0,"scY":1,"x":-121.5,"y":-58,"skX":0,"skY":0,"pX":0,"scX":1},"name":"位图 85","type":"image"},{"transform":{"pY":0,"scY":1,"x":-70,"y":-73,"skX":0,"skY":0,"pX":0,"scX":1},"name":"位图 86","type":"image"}],"parent":"图层 2"}],"name":"default"}],"animation":[{"autoTween":0,"timeline":[{"name":"图层 2","scale":1,"frame":[{"transform":{"pY":0,"scY":1,"x":29.95,"y":-51.65,"skX":0,"skY":0,"pX":0,"scX":1},"z":0,"duration":3},{"z":0,"duration":3,"transform":{"pY":0,"scY":1,"x":37.05,"y":-40.8,"skX":0,"skY":0,"pX":0,"scX":1},"displayIndex":1},{"z":0,"duration":3,"transform":{"pY":0,"scY":1,"x":54.3,"y":-46.2,"skX":0,"skY":0,"pX":0,"scX":1},"displayIndex":2},{"z":0,"duration":3,"transform":{"pY":0,"scY":1,"x":6.8,"y":-61.35,"skX":0,"skY":0,"pX":0,"scX":1},"displayIndex":3}],"offset":0}],"duration":12,"scale":1,"loop":0,"tweenEasing":null,"name":"a","fadeInTime":0}]},{"name":"sa","bone":[{"transform":{"skX":0,"scY":1,"x":6.05,"skY":0,"y":-35.6,"scX":1},"name":"图层 2"}],"skin":[{"slot":[{"name":"图层 2","z":0,"display":[{"transform":{"pY":0,"scY":1,"x":-30.5,"y":-31.5,"skX":0,"skY":0,"pX":0,"scX":1},"name":"位图 87","type":"image"},{"transform":{"pY":0,"scY":1,"x":-68.5,"y":-69,"skX":0,"skY":0,"pX":0,"scX":1},"name":"位图 88","type":"image"},{"transform":{"pY":0,"scY":1,"x":-73.5,"y":-74.5,"skX":0,"skY":0,"pX":0,"scX":1},"name":"位图 89","type":"image"},{"transform":{"pY":0,"scY":1,"x":-73.5,"y":-75.5,"skX":0,"skY":0,"pX":0,"scX":1},"name":"位图 90","type":"image"}],"parent":"图层 2"}],"name":"default"}],"animation":[{"autoTween":0,"timeline":[{"name":"图层 2","scale":1,"frame":[{"transform":{"pY":0,"scY":1,"x":6.05,"y":-35.6,"skX":0,"skY":0,"pX":0,"scX":1},"z":0,"duration":2},{"z":0,"duration":2,"transform":{"pY":0,"scY":1,"x":2.75,"y":-23.95,"skX":0,"skY":0,"pX":0,"scX":1},"displayIndex":1},{"z":0,"duration":2,"transform":{"pY":0,"scY":1,"x":3.3,"y":-21.95,"skX":0,"skY":0,"pX":0,"scX":1},"displayIndex":2},{"z":0,"duration":2,"transform":{"pY":0,"scY":1,"x":3.7,"y":-19.65,"skX":0,"skY":0,"pX":0,"scX":1},"displayIndex":3}],"offset":0}],"duration":8,"scale":1,"loop":0,"tweenEasing":null,"name":"a","fadeInTime":0}]},{"name":"sd","bone":[{"transform":{"skX":0,"scY":1,"x":-2.8,"skY":0,"y":-44.85,"scX":1},"name":"图层 1"}],"skin":[{"slot":[{"name":"图层 1","z":0,"display":[{"transform":{"pY":0,"scY":1,"x":-31,"y":-36,"skX":0,"skY":0,"pX":0,"scX":1},"name":"位图 104","type":"image"},{"transform":{"pY":0,"scY":1,"x":-64,"y":-61,"skX":0,"skY":0,"pX":0,"scX":1},"name":"位图 98","type":"image"},{"transform":{"pY":0,"scY":1,"x":-64,"y":-61,"skX":0,"skY":0,"pX":0,"scX":1},"name":"位图 99","type":"image"},{"transform":{"pY":0,"scY":1,"x":-64,"y":-61,"skX":0,"skY":0,"pX":0,"scX":1},"name":"位图 100","type":"image"},{"transform":{"pY":0,"scY":1,"x":-64,"y":-61,"skX":0,"skY":0,"pX":0,"scX":1},"name":"位图 101","type":"image"},{"transform":{"pY":0,"scY":1,"x":-55.5,"y":-61,"skX":0,"skY":0,"pX":0,"scX":1},"name":"位图 105","type":"image"}],"parent":"图层 1"}],"name":"default"}],"animation":[{"autoTween":0,"timeline":[{"name":"图层 1","scale":1,"frame":[{"transform":{"pY":0,"scY":1,"x":-2.8,"y":-44.85,"skX":0,"skY":0,"pX":0,"scX":1},"z":0,"duration":1},{"z":0,"duration":1,"transform":{"pY":0,"scY":1,"x":3.05,"y":-37.5,"skX":0,"skY":0,"pX":0,"scX":1},"displayIndex":1},{"z":0,"duration":1,"transform":{"pY":0,"scY":1,"x":3.05,"y":-37.5,"skX":0,"skY":0,"pX":0,"scX":1},"displayIndex":2},{"z":0,"duration":1,"transform":{"pY":0,"scY":1,"x":3.05,"y":-37.5,"skX":0,"skY":0,"pX":0,"scX":1},"displayIndex":3},{"z":0,"duration":1,"transform":{"pY":0,"scY":1,"x":3.05,"y":-37.5,"skX":0,"skY":0,"pX":0,"scX":1},"displayIndex":4},{"z":0,"duration":1,"transform":{"pY":0,"scY":1,"x":-2.3,"y":-37.5,"skX":0,"skY":0,"pX":0,"scX":1},"displayIndex":5}],"offset":0}],"duration":6,"scale":1,"loop":0,"tweenEasing":null,"name":"a","fadeInTime":0}]}],"version":2.3}