{"name":"p3","SubTexture":[{"name":"位图 91","x":404,"width":23,"y":108,"height":31},{"name":"位图 92","x":114,"width":66,"y":308,"height":92},{"name":"位图 93","x":342,"width":59,"y":232,"height":83},{"name":"位图 94","x":516,"width":64,"y":342,"height":88},{"name":"位图 95","x":516,"width":68,"y":245,"height":95},{"name":"位图 96","x":139,"width":73,"y":205,"height":101},{"name":"位图 75","x":0,"width":112,"y":258,"height":101},{"name":"位图 76","x":139,"width":93,"y":118,"height":85},{"name":"位图 77","x":182,"width":105,"y":344,"height":93},{"name":"位图 1","x":586,"width":107,"y":275,"height":95},{"name":"位图 79","x":727,"width":109,"y":272,"height":94},{"name":"位图 80","x":876,"width":110,"y":248,"height":114},{"name":"位图 81","x":214,"width":126,"y":232,"height":110},{"name":"位图 82","x":404,"width":147,"y":153,"height":90},{"name":"位图 83","x":245,"width":157,"y":108,"height":122},{"name":"位图 84","x":245,"width":201,"y":0,"height":106},{"name":"位图 85","x":0,"width":243,"y":0,"height":116},{"name":"位图 86","x":746,"width":140,"y":0,"height":146},{"name":"位图 87","x":0,"width":61,"y":361,"height":63},{"name":"位图 88","x":0,"width":137,"y":118,"height":138},{"name":"位图 89","x":597,"width":147,"y":0,"height":149},{"name":"位图 90","x":448,"width":147,"y":0,"height":151},{"name":"位图 104","x":289,"width":62,"y":344,"height":72},{"name":"位图 98","x":746,"width":128,"y":148,"height":122},{"name":"位图 99","x":888,"width":128,"y":124,"height":122},{"name":"位图 100","x":597,"width":128,"y":151,"height":122},{"name":"位图 101","x":888,"width":128,"y":0,"height":122},{"name":"位图 105","x":403,"width":111,"y":245,"height":122}],"imagePath":"texture.png"}